{"cameraMode":{"drawMode":0,"name":"Shaded","section":"Shading Mode"},"sceneLighting":true,"audioPlay":false,"sceneViewState":{"showFog":false,"showMaterialUpdate":true,"showSkybox":false,"showFlares":false,"showImageEffects":true,"showParticleSystems":false},"in2DMode":false,"pivot":{"x":-0.44484129548072817,"y":1.2741036415100098,"z":0.5749115943908691},"rotation":{"x":-2.525286368904034e-10,"y":-0.9999280571937561,"z":0.011999615468084813,"w":3.232254908169807e-9},"size":6.7203145027160648,"orthographic":false}