{"cameraMode":{"drawMode":0,"name":"Shaded","section":"Shading Mode"},"sceneLighting":true,"audioPlay":false,"sceneViewState":{"showFog":false,"showMaterialUpdate":true,"showSkybox":false,"showFlares":false,"showImageEffects":true,"showParticleSystems":false},"in2DMode":false,"pivot":{"x":4.860937595367432,"y":2.1479978561401369,"z":-15.073437690734864},"rotation":{"x":0.13903245329856873,"y":-0.47242385149002077,"z":0.07575380802154541,"w":0.8670334815979004},"size":48.7402229309082,"orthographic":true}